asset_id,title,adx_keywords,published_date,url,first_keyword,about_covid19
100000007030343,Worst-Case Estimates for U.S. Coronavirus Deaths,Coronavirus (2019-nCoV);Deaths (Fatalities);Epidemics;Hospitals;Influenza;Centers for Disease Control and Prevention;United States,2020-03-13,https://www.nytimes.com/2020/03/13/us/coronavirus-deaths-estimate.html,True,True
100000007029870,"He Has 17,700 Bottles of Hand Sanitizer and Nowhere to Sell Them","Coronavirus (2019-nCoV);Prices (Fares, Fees and Rates);Cleansers, Detergents and Soaps;Hygiene and Cleanliness;Stockpiling;E-Commerce;Computers and the Internet;Masks;Protective Clothing and Gear;Amazon.com Inc;eBay Inc;Chattanooga (Tenn)",2020-03-14,https://www.nytimes.com/2020/03/14/technology/coronavirus-purell-wipes-amazon-sellers.html,True,True
100000007034857,"C.D.C. Gives New Guidelines, New York to Close Restaurants and Schools and Italian Deaths Rise",Coronavirus (2019-nCoV),2020-03-15,https://www.nytimes.com/2020/03/15/world/coronavirus-live.html,True,True
100000007041499,Younger Adults Make Up Big Portion of Coronavirus Hospitalizations in U.S.,Coronavirus (2019-nCoV);your-feed-healthcare;Elderly;Millennial Generation;Centers for Disease Control and Prevention;United States,2020-03-18,https://www.nytimes.com/2020/03/18/health/coronavirus-young-people.html,True,True
100000007041449,"Coronavirus Ravages 7 Members of a Single Family, Killing 4","Coronavirus (2019-nCoV);Quarantines;Deaths (Fatalities);Fusco, Carmine (d 2020);Fusco, Grace (d 2020);Fusco-Jackson, Rita (d 2020);Freehold (NJ)",2020-03-18,https://www.nytimes.com/2020/03/18/nyregion/new-jersey-family-coronavirus.html,True,True
100000007039048,Trump Signs Relief Package; China Reports Zero New Local Infections,"Coronavirus (2019-nCoV);Trump, Donald J;United States;Europe;Great Britain",2020-03-18,https://www.nytimes.com/2020/03/18/world/coronavirus-news.html,True,True
100000007043110,"Italy, Pandemic’s New Epicenter, Has Lessons for the World","Politics and Government;Coronavirus (2019-nCoV);Quarantines;Epidemics;Deaths (Fatalities);Conte, Giuseppe;Italy",2020-03-21,https://www.nytimes.com/2020/03/21/world/europe/italy-coronavirus-center-lessons.html,False,True
100000007047937,Lost Sense of Smell May Be Peculiar Clue to Coronavirus Infection,Coronavirus (2019-nCoV);Smell (Olfaction);Tests (Medical);Quarantines;your-feed-science;American Academy of Otolaryngology;ENT UK,2020-03-22,https://www.nytimes.com/2020/03/22/health/coronavirus-symptoms-smell-taste.html,True,True
100000007051463,13 Deaths in a Day: An ‘Apocalyptic’ Coronavirus Surge at an N.Y.C. Hospital,Coronavirus (2019-nCoV);Hospitals;Deaths (Fatalities);Ventilators (Medical);Medical Devices;Protective Clothing and Gear;Shortages;Elmhurst Hospital Center;Health and Hospitals Corp;Queens (NYC);Manhattan (NYC),2020-03-25,https://www.nytimes.com/2020/03/25/nyregion/nyc-coronavirus-hospitals.html,True,True
100000007056143,The U.S. Now Leads the World in Confirmed Coronavirus Cases,"Politics and Government;United States International Relations;Medicine and Health;Quarantines;Coronavirus (2019-nCoV);Epidemics;Impeachment;Lipkin, W Ian;Columbia University",2020-03-26,https://www.nytimes.com/2020/03/26/health/usa-coronavirus-cases.html,False,True
100000007048672,"F.A.Q. on Stimulus Checks, Unemployment and the Coronavirus Plan","Coronavirus (2019-nCoV);Coronavirus Aid, Relief, and Economic Security Act (2020);Stimulus (Economic);Federal Aid (US);Unemployment Insurance;United States Economy;United States Politics and Government;Internal Revenue Service",2020-03-26,https://www.nytimes.com/article/coronavirus-stimulus-package-questions-answers.html,True,True
100000007055055,U.S. Now Leads the World in Confirmed Cases,"Coronavirus (2019-nCoV);Stimulus (Economic);Fauci, Anthony S;Trump, Donald J;Senate;New York City;United States",2020-03-26,https://www.nytimes.com/2020/03/26/world/coronavirus-news.html,True,True
100000007058512,Medical Expert Who Corrects Trump Is Now a Target of the Far Right,"Coronavirus (2019-nCoV);Rumors and Misinformation;United States Politics and Government;Epidemics;Social Media;Fringe Groups and Movements;Fauci, Anthony S;Trump, Donald J;Fitton, Thomas J (1968- );National Institute of Allergy and Infectious Diseases;Judicial Watch",2020-03-28,https://www.nytimes.com/2020/03/28/technology/coronavirus-fauci-trump-conspiracy-target.html,True,True
100000007058831,"Liberty University Brings Back Its Students, and Coronavirus Fears, Too","Coronavirus (2019-nCoV);Colleges and Universities;Shutdowns (Institutional);Conservatism (US Politics);Falwell, Jerry Jr (1962- );Liberty University;Lynchburg (Va)",2020-03-29,https://www.nytimes.com/2020/03/29/us/politics/coronavirus-liberty-university-falwell.html,True,True
100000007058106,How to Make a Face Mask,Sewing;Coronavirus (2019-nCoV);Do It Yourself;Masks;Protective Clothing and Gear;Hygiene and Cleanliness;your-feed-selfcare;your-feed-healthcare;your-feed-health,2020-03-31,https://www.nytimes.com/article/how-to-make-face-mask-coronavirus.html,False,True
100000007063748,Putting Jared Kushner In Charge Is Utter Madness,"Coronavirus (2019-nCoV);Epidemics;United States Politics and Government;Disasters and Emergencies;Medical Devices;Ventilators (Medical);Kushner, Jared;Trump, Donald J;Cuomo, Andrew M;New York State",2020-04-02,https://www.nytimes.com/2020/04/02/opinion/jared-kushner-coronavirus.html,True,True
100000007068343,"The 1,000-Bed Comfort Was Supposed to Aid New York. It Has 20 Patients.","USNS Comfort (Ship);Coronavirus (2019-nCoV);Hospitals;Quarantines;Epidemics;Trump, Donald J;Cuomo, Andrew M;Amersbach, Patrick;Dowling, Michael J (1949- );Javits, Jacob K, Convention Center (Manhattan, NY);Northwell Health;United States Navy;New York City",2020-04-02,https://www.nytimes.com/2020/04/02/nyregion/ny-coronavirus-usns-comfort.html,False,True
100000007067360,A German Exception? Why the Country’s Coronavirus Death Rate Is Low,"Coronavirus (2019-nCoV);Tests (Medical);Hospitals;Epidemics;Quarantines;Ventilators (Medical);Deaths (Fatalities);Merkel, Angela;Germany",2020-04-04,https://www.nytimes.com/2020/04/04/world/europe/germany-coronavirus-death-rate.html,True,True
100000007065951,They Were the Last Couple in Paradise. Now They’re Stranded.,Travel and Vacations;Airlines and Airplanes;Travel Warnings;Coronavirus (2019-nCoV);Honeymoons;your-feed-selfcare;Maldives;South Africa,2020-04-05,https://www.nytimes.com/2020/04/05/style/coronavirus-honeymoon-stranded.html,False,True
100000007027237,Bernie Sanders Drops Out of 2020 Democratic Race for President,"Primaries and Caucuses;Presidential Election of 2020;United States Politics and Government;Sanders, Bernard;Biden, Joseph R Jr;Democratic Party",2020-04-08,https://www.nytimes.com/2020/04/08/us/politics/bernie-sanders-drops-out.html,False,False
